{
  "train_loss": [
    0.07345885262678827,
    0.005761546880825912,
    0.0027997555778720685,
    0.002040777695895595,
    0.0021414433249557197,
    0.0015337766820737765,
    0.0010696914674157767,
    0.0008332026490160381
  ],
  "val_loss": [
    0.003970127268931749,
    0.0016071053252936782,
    0.0011681605233307495,
    0.0014422736067682919,
    0.0011840302668775975,
    0.0008902696121796675,
    0.0009417436020194637,
    0.0007486828082688741
  ],
  "val_f1": [
    0.9981751774726612,
    0.9995444141252902,
    0.9995444141252902,
    0.9995448288552625,
    0.9990892481785147,
    0.9990884179626379,
    0.9986332523940912,
    0.9990884179626379
  ],
  "val_recall": [
    0.9963570127413812,
    0.9990892531785147,
    0.9990892531785147,
    0.9999999999908926,
    0.9990892531785147,
    0.9981785063661369,
    0.9981785063661369,
    0.9981785063661369
  ]
}