{
  "train_loss": [
    0.14349291747910478,
    0.011542675368809107,
    0.005713569754173635,
    0.0030414471525693995,
    0.002457360382131445,
    0.0015701868467992743,
    0.0009439942718017846,
    0.0008561513533507958
  ],
  "val_loss": [
    0.008695580009760047,
    0.004772836850233564,
    0.0035062561334578174,
    0.0026033107155552264,
    0.0026476123687574574,
    0.0025038975329479147,
    0.0021735113837624965,
    0.0020247757483063834
  ],
  "val_f1": [
    0.9968109289316931,
    0.997724164312721,
    0.9986344965839917,
    0.9990884179626379,
    0.9990884179626379,
    0.998178501366137,
    0.9990884179626379,
    0.9986332523940912
  ],
  "val_recall": [
    0.9963570127413812,
    0.9981785063661369,
    0.9990892531785147,
    0.9981785063661369,
    0.9981785063661369,
    0.9981785063661369,
    0.9981785063661369,
    0.9981785063661369
  ]
}