{
  "train_loss": [
    0.19162542888020373,
    0.02200642196922008,
    0.012625331174885122,
    0.008976480129792295,
    0.006081665097356457,
    0.005477510379024041,
    0.004836328083083985,
    0.0037455237684717005,
    0.003353226629269946
  ],
  "val_loss": [
    0.011147328289179931,
    0.00585056192336572,
    0.0034210759509527592,
    0.0023403953529819413,
    0.0017269867307631499,
    0.0015589682134975282,
    0.0013904865993799942,
    0.0014113208089615273,
    0.0011588066053435967
  ],
  "val_f1": [
    0.9954296110787195,
    0.9968051068120133,
    0.9990884179626379,
    0.9990884179626379,
    0.9995444141252902,
    0.9995444141252902,
    0.9995444141252902,
    0.9995444141252902,
    0.9995444141252902
  ],
  "val_recall": [
    0.9918032786794919,
    0.9945355191166254,
    0.9981785063661369,
    0.9981785063661369,
    0.9990892531785147,
    0.9990892531785147,
    0.9990892531785147,
    0.9990892531785147,
    0.9990892531785147
  ]
}