{
  "train_loss": [
    0.07345885248356447,
    0.0057615467180283965,
    0.002799755895268595,
    0.002040786679939583,
    0.002140531091002957,
    0.0015435037702209193,
    0.001085617795437503,
    0.0008397601654393956
  ],
  "val_loss": [
    0.003970127754043261,
    0.0016071051285031588,
    0.0011681468458175823,
    0.0014421615555148923,
    0.001180271714975214,
    0.0008767742921831247,
    0.0009113225081885031,
    0.0006926299361072781
  ],
  "val_f1": [
    0.9981751774726612,
    0.9995444141252902,
    0.9995444141252902,
    0.9995448288552625,
    0.9990892481785147,
    0.9990884179626379,
    0.9986332523940912,
    0.9990884179626379
  ],
  "val_recall": [
    0.9963570127413812,
    0.9990892531785147,
    0.9990892531785147,
    0.9999999999908926,
    0.9990892531785147,
    0.9981785063661369,
    0.9981785063661369,
    0.9981785063661369
  ]
}