{
  "train_loss": [
    0.05974801861594882,
    0.003423712004741045,
    0.0026309753626784574,
    0.0013714117379987844,
    0.0012534554462320887,
    0.0006715192781179442
  ],
  "val_loss": [
    0.004848807627086414,
    0.002060017483131839,
    0.001809061684323425,
    0.00225875601470681,
    0.0022760662418153275,
    0.0016484065589574325
  ],
  "val_f1": [
    0.9986320059348145,
    0.9995444141252902,
    0.9995444141252902,
    0.9986332523940912,
    0.9990884179626379,
    0.9990884179626379
  ],
  "val_recall": [
    0.997267759553759,
    0.9990892531785147,
    0.9990892531785147,
    0.9981785063661369,
    0.9981785063661369,
    0.9981785063661369
  ]
}