{
  "train_loss": [
    0.07345885164384136,
    0.005761546670895136,
    0.002799755362103282,
    0.0020407861800664463,
    0.002141446282625305,
    0.0015337875134963357,
    0.0010696971306111626,
    0.0008331953960502584
  ],
  "val_loss": [
    0.003970127268931749,
    0.0016071053344467257,
    0.0011681466187075933,
    0.0014422471610400114,
    0.0011840487094100431,
    0.0008902761304365752,
    0.0009417637239578986,
    0.0007486846233610817
  ],
  "val_f1": [
    0.9981751774726612,
    0.9995444141252902,
    0.9995444141252902,
    0.9995448288552625,
    0.9990892481785147,
    0.9990884179626379,
    0.9986332523940912,
    0.9990884179626379
  ],
  "val_recall": [
    0.9963570127413812,
    0.9990892531785147,
    0.9990892531785147,
    0.9999999999908926,
    0.9990892531785147,
    0.9981785063661369,
    0.9981785063661369,
    0.9981785063661369
  ]
}