{
  "train_loss": [
    0.14714130687428034,
    0.015120145848291909,
    0.009610353355952603,
    0.0065069047673442905,
    0.005201167867320005,
    0.00358642776676198,
    0.0035650221876675292,
    0.003598120158330989,
    0.0025257504806064004,
    0.0019748246817468834
  ],
  "val_loss": [
    0.008079979032694525,
    0.005127311900038677,
    0.0032661046196341328,
    0.0027578256707810837,
    0.0023338326431552856,
    0.0023774048504715847,
    0.002055007399816648,
    0.002021747663627342,
    0.0020465274577067477,
    0.002185199534223777
  ],
  "val_f1": [
    0.9958847686535289,
    0.9972602689635329,
    0.9981768409343874,
    0.9981768409343874,
    0.9986320059348145,
    0.9986332523940912,
    0.9990884179626379,
    0.9990884179626379,
    0.9986332523940912,
    0.9990884179626379
  ],
  "val_recall": [
    0.9918032786794919,
    0.9945355191166254,
    0.997267759553759,
    0.997267759553759,
    0.997267759553759,
    0.9981785063661369,
    0.9981785063661369,
    0.9981785063661369,
    0.9981785063661369,
    0.9981785063661369
  ]
}