{
  "train_loss": [
    0.07345885270134313,
    0.005761547110376388,
    0.002799755770438262,
    0.0020407864614251886,
    0.0021405310287104136,
    0.0015435048072446208,
    0.0010856176912078536,
    0.0008397600063972128
  ],
  "val_loss": [
    0.00397012768997193,
    0.0016071053115641071,
    0.0011681465071548278,
    0.001442160675106144,
    0.001180273078779279,
    0.000876775200337048,
    0.0009113240750758077,
    0.0006926308070769464
  ],
  "val_f1": [
    0.9981751774726612,
    0.9995444141252902,
    0.9995444141252902,
    0.9995448288552625,
    0.9990892481785147,
    0.9990884179626379,
    0.9986332523940912,
    0.9990884179626379
  ],
  "val_recall": [
    0.9963570127413812,
    0.9990892531785147,
    0.9990892531785147,
    0.9999999999908926,
    0.9990892531785147,
    0.9981785063661369,
    0.9981785063661369,
    0.9981785063661369
  ]
}