{
  "train_loss": [
    0.09993528488697269,
    0.011345488143504804,
    0.006965167240936793,
    0.005842102075917149,
    0.00395606798953297,
    0.0033080804845542905,
    0.0026683656532530305,
    0.0032109804578993647,
    0.0020836555117063273
  ],
  "val_loss": [
    0.00574725867261657,
    0.0018330523645544209,
    0.0014892458767581248,
    0.0010178374588925446,
    0.0007837497210652105,
    0.0007041530976087257,
    0.0007186864670311881,
    0.00046376929161141264,
    0.00046100881867296845
  ],
  "val_f1": [
    0.9958847686535289,
    0.9990884179626379,
    0.9990884179626379,
    0.9990884179626379,
    0.9999999949908926,
    0.9990884179626379,
    0.9990884179626379,
    0.9999999949908926,
    0.9995444141252902
  ],
  "val_recall": [
    0.9918032786794919,
    0.9981785063661369,
    0.9981785063661369,
    0.9981785063661369,
    0.9999999999908926,
    0.9981785063661369,
    0.9981785063661369,
    0.9999999999908926,
    0.9990892531785147
  ]
}