{
  "train_loss": [
    0.19907737468185985,
    0.02818739447341723,
    0.01710466785571606,
    0.010185640106631236,
    0.00875943587115617,
    0.006580702459882305,
    0.004238833652582716
  ],
  "val_loss": [
    0.014169113568936449,
    0.006241077434176325,
    0.0035834521355841958,
    0.0035568187979880335,
    0.0025979601107253857,
    0.0030682451676983355,
    0.002436842241207068
  ],
  "val_f1": [
    0.9963470269544089,
    0.9986320059348145,
    0.9995444141252902,
    0.9990884179626379,
    0.9995444141252902,
    0.9995444141252902,
    0.9995444141252902
  ],
  "val_recall": [
    0.9936247723042476,
    0.997267759553759,
    0.9990892531785147,
    0.9981785063661369,
    0.9990892531785147,
    0.9990892531785147,
    0.9990892531785147
  ]
}