{
  "train_loss": [
    0.06090589715615071,
    0.0035340497128635096,
    0.0025506733955910545,
    0.0012130169519036272,
    0.001197646578613373,
    0.00045319359113908
  ],
  "val_loss": [
    0.0032456741088602854,
    0.0015636119504239458,
    0.0017479255430822842,
    0.0018521917848841906,
    0.0015440491387921243,
    0.0013813024238158395
  ],
  "val_f1": [
    0.998178501366137,
    0.9995444141252902,
    0.9990892481785147,
    0.9990884179626379,
    0.9995444141252902,
    0.9990884179626379
  ],
  "val_recall": [
    0.9981785063661369,
    0.9990892531785147,
    0.9990892531785147,
    0.9981785063661369,
    0.9990892531785147,
    0.9981785063661369
  ]
}