{
  "train_loss": [
    0.05411101574448524,
    0.003252137475677688,
    0.001581126755194325,
    0.000824346999258264,
    0.000724572319837598,
    0.0003536247371017217,
    0.0004412445476026097,
    0.0004111682405915121
  ],
  "val_loss": [
    0.004096407732821621,
    0.0012774243227270385,
    0.001049535742932124,
    0.0008299797328468576,
    0.0009601238845087666,
    0.0006139917406518722,
    0.001304698621939987,
    0.0007963702811201798
  ],
  "val_f1": [
    0.9981751774726612,
    0.9995444141252902,
    0.9995444141252902,
    0.9999999949908926,
    0.9990884179626379,
    0.9995444141252902,
    0.9990884179626379,
    0.9990884179626379
  ],
  "val_recall": [
    0.9963570127413812,
    0.9990892531785147,
    0.9990892531785147,
    0.9999999999908926,
    0.9981785063661369,
    0.9990892531785147,
    0.9981785063661369,
    0.9981785063661369
  ]
}