{
  "train_loss": [
    0.0902210180493166,
    0.007481918255709617,
    0.0036324405063856012,
    0.003027344975345986,
    0.0011649038752095595,
    0.0009749186691188937,
    0.000806418936509563
  ],
  "val_loss": [
    0.005185351686875956,
    0.002829288993876299,
    0.0020490566407950594,
    0.00176384868976082,
    0.001532955717395913,
    0.0011073290018271612,
    0.0013128463507922435
  ],
  "val_f1": [
    0.9977220906628921,
    0.9990884179626379,
    0.9995444141252902,
    0.9995444141252902,
    0.9995444141252902,
    0.9995444141252902,
    0.9990884179626379
  ],
  "val_recall": [
    0.997267759553759,
    0.9981785063661369,
    0.9990892531785147,
    0.9990892531785147,
    0.9990892531785147,
    0.9990892531785147,
    0.9981785063661369
  ]
}