{
  "train_loss": [
    0.06979658810384731,
    0.005644234613615988,
    0.002920217798978956,
    0.0018465811549180076,
    0.0018625192660623392,
    0.0017330567726780801,
    0.000875549183967344,
    0.00046352681226133525
  ],
  "val_loss": [
    0.004197861252473122,
    0.0014614089178155245,
    0.0012329691409666505,
    0.0015505239359726408,
    0.0018460365972703325,
    0.0015245324873965759,
    0.0008900081255624239,
    0.0008277663407569503
  ],
  "val_f1": [
    0.9977179320059804,
    0.9995444141252902,
    0.9990884179626379,
    0.9995448288552625,
    0.9990884179626379,
    0.9990884179626379,
    0.9995444141252902,
    0.9995444141252902
  ],
  "val_recall": [
    0.9954462659290033,
    0.9990892531785147,
    0.9981785063661369,
    0.9999999999908926,
    0.9981785063661369,
    0.9981785063661369,
    0.9990892531785147,
    0.9990892531785147
  ]
}