{
  "train_loss": [
    0.16552925880132655,
    0.0238318866282184,
    0.014120657089821765,
    0.008523370299017433,
    0.0073644331146897335,
    0.005632944667952195,
    0.003733256709362396
  ],
  "val_loss": [
    0.01142119417348602,
    0.005619123543032584,
    0.0035261320670596404,
    0.0026752749515233415,
    0.001966524399314359,
    0.0022283375254954917,
    0.0022772938362197606
  ],
  "val_f1": [
    0.9963470269544089,
    0.9977179320059804,
    0.9995444141252902,
    0.9990884179626379,
    0.9995444141252902,
    0.9995444141252902,
    0.9995444141252902
  ],
  "val_recall": [
    0.9936247723042476,
    0.9954462659290033,
    0.9990892531785147,
    0.9981785063661369,
    0.9990892531785147,
    0.9990892531785147,
    0.9990892531785147
  ]
}