{
  "train_loss": [
    0.3354655168317822,
    0.07579813599880782,
    0.028830158668910498,
    0.020775768517653278,
    0.015687976206620324,
    0.011061563745503994,
    0.009180364550788439,
    0.008324236544534267,
    0.006675582499733199,
    0.005362459661106753
  ],
  "val_loss": [
    0.11607801143528496,
    0.023723847628628298,
    0.01324531910094348,
    0.009936881349456361,
    0.007538134354585438,
    0.006042139209962521,
    0.005105493976808947,
    0.004304299766886567,
    0.0038059594985486653,
    0.003419472259459033
  ],
  "val_f1": [
    0.9949794564240793,
    0.9958885285679281,
    0.9963470269544089,
    0.9968021877730362,
    0.9977179320059804,
    0.9977179320059804,
    0.9981751774726612,
    0.9986320059348145,
    0.9986320059348145,
    0.9986320059348145
  ],
  "val_recall": [
    0.9927140254918697,
    0.9927140254918697,
    0.9936247723042476,
    0.9936247723042476,
    0.9954462659290033,
    0.9954462659290033,
    0.9963570127413812,
    0.997267759553759,
    0.997267759553759,
    0.997267759553759
  ]
}