{
  "train_loss": [
    0.07345885133581209,
    0.005761546975000467,
    0.0027997557839268047,
    0.0020407864538225552,
    0.0021405314337345693,
    0.0015435041930254273,
    0.001085617730447251,
    0.0008397608154645396
  ],
  "val_loss": [
    0.003970127808961546,
    0.0016071054534363422,
    0.0011681468732767245,
    0.001442162194512015,
    0.0011802725204433865,
    0.0008767748413659697,
    0.0009113231597710661,
    0.0006926303860367652
  ],
  "val_f1": [
    0.9981751774726612,
    0.9995444141252902,
    0.9995444141252902,
    0.9995448288552625,
    0.9990892481785147,
    0.9990884179626379,
    0.9986332523940912,
    0.9990884179626379
  ],
  "val_recall": [
    0.9963570127413812,
    0.9990892531785147,
    0.9990892531785147,
    0.9999999999908926,
    0.9990892531785147,
    0.9981785063661369,
    0.9981785063661369,
    0.9981785063661369
  ]
}