{
  "train_loss": [
    0.33991431958428964,
    0.07225087478590138,
    0.02885617445565765,
    0.018221575769622165,
    0.014183975960458478,
    0.010450969718168585,
    0.008736169149969178,
    0.007249357411055443,
    0.0060687057644501574,
    0.00525876730997753
  ],
  "val_loss": [
    0.10513203411708592,
    0.021132579981749854,
    0.011934481024586524,
    0.008860671019790286,
    0.006890210434874515,
    0.00577604899246415,
    0.004891049244134465,
    0.004249697525531319,
    0.003716575058536943,
    0.003309921137113307
  ],
  "val_f1": [
    0.9949840351186143,
    0.9949840351186143,
    0.9958922816180463,
    0.9963470269544089,
    0.9972652639061368,
    0.9977220906628921,
    0.9986320059348145,
    0.9986332523940912,
    0.9986332523940912,
    0.9990884179626379
  ],
  "val_recall": [
    0.9936247723042476,
    0.9936247723042476,
    0.9936247723042476,
    0.9936247723042476,
    0.9963570127413812,
    0.997267759553759,
    0.997267759553759,
    0.9981785063661369,
    0.9981785063661369,
    0.9981785063661369
  ]
}