{
  "train_loss": [
    0.09993528581964413,
    0.011345488873357597,
    0.006965167579437907,
    0.005842102000871802,
    0.003956068079293092,
    0.0033080804570867124,
    0.002668365663553372,
    0.0032109814646351566,
    0.0020836559418682225
  ],
  "val_loss": [
    0.005747258855677518,
    0.0018330526025336538,
    0.0014892460975753938,
    0.0010178374405864499,
    0.0007837496950362319,
    0.0007041529694660618,
    0.0007186863388885243,
    0.00046376928245836523,
    0.0004610087351514108
  ],
  "val_f1": [
    0.9958847686535289,
    0.9990884179626379,
    0.9990884179626379,
    0.9990884179626379,
    0.9999999949908926,
    0.9990884179626379,
    0.9990884179626379,
    0.9999999949908926,
    0.9995444141252902
  ],
  "val_recall": [
    0.9918032786794919,
    0.9981785063661369,
    0.9981785063661369,
    0.9981785063661369,
    0.9999999999908926,
    0.9981785063661369,
    0.9981785063661369,
    0.9999999999908926,
    0.9990892531785147
  ]
}