{
  "train_loss": [
    0.16568405358188243,
    0.017415809659183105,
    0.00872537825070199,
    0.006488462268844507,
    0.003650594492325801,
    0.003139472863959716,
    0.002168862154698729
  ],
  "val_loss": [
    0.014484721918977083,
    0.006753414314977038,
    0.003983117972960563,
    0.0030908584150660745,
    0.002585071827625657,
    0.002434175008633609,
    0.0020561058592348455
  ],
  "val_f1": [
    0.9949794564240793,
    0.997267754553759,
    0.9990884179626379,
    0.9990884179626379,
    0.9990884179626379,
    0.9990884179626379,
    0.9990884179626379
  ],
  "val_recall": [
    0.9927140254918697,
    0.997267759553759,
    0.9981785063661369,
    0.9981785063661369,
    0.9981785063661369,
    0.9981785063661369,
    0.9981785063661369
  ]
}